{
  "total_sequences": 2,
  "total_frames": 4,
  "total_measurements": 4291,
  "total_time": 8.16676115989685,
  "avg_time_per_sequence": 4.083380579948425,
  "detailed_results": [
    {
      "sequence_id": "sequence_9",
      "load_time": 0.1501457691192627,
      "frames_processed": 2,
      "total_measurements": 1803,
      "avg_processing_time": 0.0008434057235717773,
      "total_processing_time": 0.0016868114471435547,
      "quality_analysis": {
        "sequence_id": "sequence_9",
        "duration_seconds": 88913.17,
        "radar_measurements": 688093,
        "odometry_records": 9244,
        "camera_images": 232,
        "sensors_used": [
          1,
          3,
          4,
          2
        ],
        "measurement_rate": 7.7389322639154585,
        "odometry_rate": 0.10396660022356644,
        "range_stats": {
          "min": 0.8626719117164612,
          "max": 99.74833679199219,
          "mean": 28.502338409423828,
          "std": 22.34901237487793
        },
        "azimuth_stats": {
          "min": -1.2216380834579468,
          "max": 1.2216427326202393,
          "mean": 0.019912783056497574,
          "std": 0.4495498836040497
        },
        "velocity_stats": {
          "min": 10.720000267028809,
          "max": 19.014999389648438,
          "mean": 16.69548797607422,
          "std": 1.8562188148498535
        },
        "yaw_rate_stats": {
          "min": -0.3298672139644623,
          "max": 0.16999506950378418,
          "mean": -0.013573464937508106,
          "std": 0.0689048320055008
        },
        "total_distance": 1545.3702392578125,
        "average_speed": 0.017380667850375175
      },
      "frame_results": [
        {
          "measurements": 962,
          "sensors": 4,
          "sensor_stats": {
            "1": {
              "measurements": 152,
              "range_stats": {
                "min": 1.1202759742736816,
                "max": 91.34333038330078,
                "mean": 37.6130256652832,
                "std": 19.91712188720703
              },
              "azimuth_stats": {
                "min": -1.1400800943374634,
                "max": 1.2128255367279053,
                "mean": -0.2593136727809906,
                "std": 0.43255552649497986
              }
            },
            "3": {
              "measurements": 271,
              "range_stats": {
                "min": 4.365846633911133,
                "max": 87.76614379882812,
                "mean": 17.020830154418945,
                "std": 14.89281940460205
              },
              "azimuth_stats": {
                "min": -1.162287712097168,
                "max": 1.1834572553634644,
                "mean": 0.05887990817427635,
                "std": 0.49626830220222473
              }
            },
            "4": {
              "measurements": 317,
              "range_stats": {
                "min": 4.890517234802246,
                "max": 99.64090728759766,
                "mean": 25.886993408203125,
                "std": 26.3314266204834
              },
              "azimuth_stats": {
                "min": -1.1301977634429932,
                "max": 1.1800594329833984,
                "mean": 0.3659886419773102,
                "std": 0.41328638792037964
              }
            },
            "2": {
              "measurements": 222,
              "range_stats": {
                "min": 1.7268409729003906,
                "max": 97.09889221191406,
                "mean": 49.6906852722168,
                "std": 33.330692291259766
              },
              "azimuth_stats": {
                "min": -0.8015676736831665,
                "max": 1.0592904090881348,
                "mean": 0.08273874223232269,
                "std": 0.37414219975471497
              }
            }
          },
          "ground_truth": {
            "timestamp": 2158876669296,
            "x": -3040.39990234375,
            "y": 7502.33984375,
            "yaw": 0.35674530267715454,
            "vx": 12.300000190734863,
            "yaw_rate": -0.2263692021369934
          },
          "frame_idx": 0,
          "timestamp": 2158876670175
        },
        {
          "measurements": 841,
          "sensors": 4,
          "sensor_stats": {
            "2": {
              "measurements": 334,
              "range_stats": {
                "min": 1.3610368967056274,
                "max": 94.58785247802734,
                "mean": 48.01966094970703,
                "std": 31.668745040893555
              },
              "azimuth_stats": {
                "min": -1.2110726833343506,
                "max": 1.1862651109695435,
                "mean": 0.11851894110441208,
                "std": 0.3766859471797943
              }
            },
            "1": {
              "measurements": 59,
              "range_stats": {
                "min": 1.1767295598983765,
                "max": 90.60198974609375,
                "mean": 42.99946594238281,
                "std": 29.23655128479004
              },
              "azimuth_stats": {
                "min": -1.1414518356323242,
                "max": 1.1326558589935303,
                "mean": -0.4819418787956238,
                "std": 0.4266453683376312
              }
            },
            "3": {
              "measurements": 271,
              "range_stats": {
                "min": 4.681431770324707,
                "max": 95.7594985961914,
                "mean": 20.577678680419922,
                "std": 19.070749282836914
              },
              "azimuth_stats": {
                "min": -1.136031985282898,
                "max": 1.1183335781097412,
                "mean": 0.004903647117316723,
                "std": 0.4493987560272217
              }
            },
            "4": {
              "measurements": 177,
              "range_stats": {
                "min": 5.236084938049316,
                "max": 99.32670593261719,
                "mean": 23.064699172973633,
                "std": 25.609375
              },
              "azimuth_stats": {
                "min": -1.109426498413086,
                "max": 1.1516084671020508,
                "mean": 0.4136611223220825,
                "std": 0.36882272362709045
              }
            }
          },
          "ground_truth": {
            "timestamp": 2158876869285,
            "x": -3038.070068359375,
            "y": 7503.2001953125,
            "yaw": 0.31206485629081726,
            "vx": 12.53499984741211,
            "yaw_rate": -0.21711896359920502
          },
          "frame_idx": 1,
          "timestamp": 2158876870175
        }
      ],
      "radar_sample_stats": {
        "sample_size": 68809,
        "range_stats": {
          "min": 1.1595572233200073,
          "max": 99.7470703125,
          "mean": 28.574186325073242,
          "std": 22.40620231628418
        },
        "azimuth_stats": {
          "min": -1.2205990552902222,
          "max": 1.2209111452102661,
          "mean": 0.017688889056444168,
          "std": 0.4490831792354584
        },
        "sensor_distribution": {
          "2": 22403,
          "3": 18883,
          "1": 14178,
          "4": 13345
        },
        "rcs_stats": {
          "min": -28.99747657775879,
          "max": 40.76184844970703,
          "mean": -9.932662963867188,
          "std": 10.574769973754883
        }
      }
    },
    {
      "sequence_id": "sequence_10",
      "load_time": 0.34644007682800293,
      "frames_processed": 2,
      "total_measurements": 2488,
      "avg_processing_time": 0.0008141994476318359,
      "total_processing_time": 0.0016283988952636719,
      "quality_analysis": {
        "sequence_id": "sequence_10",
        "duration_seconds": 214348.312,
        "radar_measurements": 1761442,
        "odometry_records": 21782,
        "camera_images": 545,
        "sensors_used": [
          3,
          4,
          1,
          2
        ],